Agent ID,Average Call Length,90th Percentile Call Length
9cabeb38-05c6-41ac-9e35-8fa20027861f,277,277.0
c54ed723-385d-4835-9f3a-14247cfc8dc3,139,139.0
9b89d818-e618-4fab-adb6-1f0bdf49f69d,571,571.0
66b5b182-eb09-4130-b964-6da682f55f7b,531,531.0
a6e76f86-c667-487d-bcd0-52a4c82d6b4f,128,128.0
bab6b5c8-93f9-433e-a426-4b3d6d1cc96f,584,584.0
e35cc473-77fb-4551-a637-48193030c35b,67,67.0
d89d82da-e3f0-4489-adf5-f5b7a1eac119,457,457.0
4414a965-3704-485f-beef-3b2a59cf2a49,282,282.0
c5d8a605-0b09-4b36-9bb5-fcfa82c53cd8,257,257.0
48fdf881-9957-48b8-93dc-a99743218209,280,280.0
f5472efb-9722-4426-9c8a-c19193e49f20,332,332.0
5d3e4b72-2988-48b6-a9a5-1d692b6df76f,36,36.0
b42de00c-a81f-44a3-8d6a-57f057dd3f26,395,395.0
faaeccd2-9989-4163-8db2-07ebc96a549a,170,170.0
00043405-45b0-41ce-9af8-0e89e816da02,126,126.0
60b4120c-8d98-4d50-b704-b13ed3da5e01,560,560.0
d2c610de-62f3-4945-aacf-24a5307d8144,290,290.0
337eccdf-cb9b-4a57-8f98-ca2b419f447b,262,262.0
45c15ba5-4809-4aaa-97da-6e5325072e0e,534,534.0
ff1bdc6c-d442-4c29-8889-2bd55941faa2,104,104.0
cffbdb9c-b8bc-4178-b724-d9fa7ffe0c3a,544,544.0
1d0be62a-e83e-4b63-9ba8-486dd159cdc8,382,382.0
bff1def6-e3c8-4ce9-97c7-a1d99e5465da,383,383.0
50f0b0c2-945f-4021-a272-529b9edd17a8,532,532.0
4527c87f-1db0-42a3-a798-144148b37c61,284,284.0
d3241e62-e051-463f-bec9-5fd965446e38,447,447.0
6e0db712-aec0-453d-97ce-4abd1bb3c7db,537,537.0
32dfd0cb-0339-4e51-af08-69e9568fef2d,159,159.0
cc61c9e5-2039-4d89-b79a-43c2b838fdd4,218,218.0
2a78631c-ee92-436d-9523-04127aeeec08,600,600.0
29543a85-ffab-43d2-a407-85d3d72f65e3,377,377.0
87f66d1f-ced4-496f-8a92-d6991fa4d9e7,214,214.0
65dbab82-26bf-4737-b878-ece82b2b221f,502,502.0
57cbcaca-2c0e-4ee9-8f85-6241b1d79901,229,229.0
bd86adfa-6b9b-4501-99d6-2b857598dfbd,248,248.0
da38c649-26b7-430c-9511-05f4f297a0c7,114,114.0
4d318323-b481-4b95-8a1c-37f370170a7d,80,80.0
f25af928-b57b-4b3f-87d2-db2f78c9881c,360,360.0
5216f84e-a6be-4bf4-8957-adc6524aa671,198,198.0
93ba60c9-6181-4c0a-aeb3-b8222a14d524,580,580.0
b1cf0231-2e0e-44bf-b341-3946d564b0d2,356,356.0
968f2ea9-b624-4ba1-9530-6035335be6a1,550,550.0
1a2ce2c7-71d8-4d73-839e-d896d225f9bc,136,136.0
b94ed57c-adbd-4ad4-b29d-8b708a093d77,134,134.0
0eba1eda-2e28-4c96-b0fb-f23bd8739a08,148,148.0
86d03907-e252-4194-b388-392f36e8ec0d,148,148.0
4defeb67-ff5d-42fd-bd82-61a142ce36e0,56,56.0
59c00924-2fc7-4ffa-9ea3-a6656f84a676,309,309.0
e216227b-bef0-46ec-a7e3-3c528bdc3407,405,405.0
47d4ef99-ea01-4bc0-8b4a-07e2f2efd175,271,271.0
2d0ad48b-ca80-42df-a2bc-69b8509348a0,153,153.0
9a301c02-db4e-4001-b561-2bd64fe14e1c,300,300.0
f86e948a-44f5-4645-939b-fc953dd8f8c2,560,560.0
b72162ad-0828-4974-9f44-9d51552b6929,268,268.0
47cb4785-a86b-4229-9f17-88886ba97bc2,44,44.0
c3c0fd01-b4b5-4c66-8d37-811134af0f0a,425,425.0
011b86c4-783b-4201-87d2-de72b79f6619,444,444.0
2ace40b3-51ba-4db9-9fb7-18104ffe5d52,524,524.0
2f7b5b81-ea4f-4fc2-b085-560ae04eed41,167,167.0
0bd6d5b0-8f8e-4a1d-b370-dbd6dceb5780,45,45.0
9c654612-9007-43b0-b186-f23cbdc1d1d4,477,477.0
13387d70-eaa1-4900-b5c6-ba414e9f6fba,520,520.0
7daac27b-ff66-4ee6-a0fd-0ae720b3a24b,154,154.0
d2721f5f-899e-41a9-ba3a-925fe9a651c1,572,572.0
594bb377-034b-4571-bc47-07fcb2c3e718,492,492.0
35dd9130-ee34-4124-a855-3d1982f290f4,449,449.0
2207d656-b7f7-42c3-aa1c-1cc61e740011,285,285.0
f6942481-2daa-4055-bdc8-3008b616f7cf,220,220.0
9448ca2c-5da6-4231-916a-f900d8036c30,404,404.0
d4f99522-ee3b-42c2-a004-fcf16631d6b1,184,184.0
899bc434-806f-4502-9932-cad441561da3,474,474.0
a6a6b59b-8c2f-4094-90c4-3c929f72126b,356,356.0
532f5890-b04c-4fb8-a2f9-d5f1c820d9f0,66,66.0
bca5bba9-6554-4374-9ebf-9727d632af3e,361,361.0
0e8ea567-e5c7-46c0-b308-5259e6540722,219,219.0
9fbec02e-afa3-4038-8c24-30410567c72a,526,526.0
1d1f7219-82b7-471b-9d9b-045482407b14,233,233.0
bf07a03b-2c8d-4567-819e-525bef9306c8,168,168.0
48a83688-09fd-4a61-8e8a-bfdbc26e7e3b,548,548.0
60987758-022c-4d74-855e-d24bcf11fb37,375,375.0
d6c490f9-6dd3-4302-8691-f1be1017fd3f,123,123.0
36c0cd4c-73cd-44ab-b768-186b5c7125a9,381,381.0
5eaaf007-94bb-4760-8525-119055c09623,245,245.0
df681e2e-9a0c-4eff-a3ba-5c5e441912dc,228,228.0
6e865bdd-c866-4abc-aebb-7ecdf116a3ee,259,259.0
b86f620e-8c68-4776-b7ea-357fd5dd08a4,584,584.0
aa8053ba-34a4-4494-8753-77dbe5797095,75,75.0
9fb2b3d3-964d-4bb3-aec6-d210e5fe700f,334,334.0
f319002a-d871-4220-8ae1-95b9e5d6404b,344,344.0
b7073803-5618-433d-baec-18a0f757fa40,523,523.0
b9d1e4d0-0b5c-412a-9738-d111f2e88b0d,541,541.0
2f5932a4-45b1-46ad-a532-424d8e93e408,32,32.0
979fa1fa-284a-4219-8fca-8cf20b00e6df,178,178.0
60410d55-3c37-4827-82fa-303a029ceccf,106,106.0
2f9af2cd-9928-4d85-a9a1-cf6018ab9603,594,594.0
c7a6ef4d-d8e1-40cd-8b4e-358699a515dc,96,96.0
abdf5d5e-ca3f-4ad7-8e1c-684c9feb185f,437,437.0
3dda0638-e2e2-419e-8fd6-9523e6d3e340,129,129.0
b31a6ec1-c51a-4257-8f39-97124a19eab4,62,62.0
00db1d37-a0bd-4995-9dfa-37fd654a89f1,377,377.0
0d124792-e233-49f4-bd82-d7f813344640,499,499.0
fa2e1610-a054-4683-889b-a7aeae463731,88,88.0
443cb4b9-8f00-4877-9ab4-9a76b7c2fde6,176,176.0
ec7a2b08-5841-4073-9fbc-c47bb59e7aa6,50,50.0
5ac61a29-b3ef-4511-9903-54a6d2eb63c8,399,399.0
fdd7abab-e9f7-4711-894f-35e888c54f9c,463,463.0
758aa877-2ca0-4063-8f6e-e77bf9a33f11,449,449.0
d581e773-8b78-41a5-b224-cb859989a7e4,312,312.0
aeeb5d78-84e4-41b3-ab8a-db27dea4b0cb,422,422.0
4ad4f247-c79d-4411-9854-51b6bc8ebb26,507,507.0
b39eb82e-1b21-43d4-82c3-43e9c2338a28,463,463.0
eeada3f6-723a-4309-9c07-8d22a1eb417b,171,171.0
bf62134f-1b85-4038-b4a8-72f009ce5cc6,188,188.0
f43d58c2-727c-42a4-b676-21cfac643abd,265,265.0
5e93134b-4784-4a41-8a8a-2586f05a1417,437,437.0
d6297379-0b25-4305-858c-ca540d50034a,217,217.0
8df3dcee-fd5a-4afe-ba10-ff63e5ada3d9,344,344.0
a24df42f-1d99-4a81-b56e-13beaf118c2a,238,238.0
313bd339-01d3-44c8-9adc-df5daa9abd0b,137,137.0
39586c38-63b2-4f4f-bd36-e365f2eeb2be,468,468.0
89238a50-e179-4afe-ad51-74d1ae530d64,236,236.0
e3dee162-a846-4638-a152-af694a6ee7c4,114,114.0
91730cf9-57f7-433a-acc4-088922b66b0e,323,323.0
94281a6a-6a65-4b54-bc17-5815d343d0b6,186,186.0
740e49da-999b-461a-8562-5dfb7ba71ab0,216,216.0
b039833c-98ca-4a97-917e-945b00a54db6,202,202.0
fc18ec88-167c-402d-865a-8973c7bdd0c5,465,465.0
9e10a84d-f9fe-43fb-8ac3-a73ccd11056a,515,515.0
03d323b0-3c09-4257-8b58-59ec9251a5c7,359,359.0
09151639-f626-4dfd-8f53-93ebf2150a11,259,259.0
5f690f6b-b406-43d3-93c7-3f3d5d13a324,158,158.0
50ec4395-358c-49d6-88a5-7ccfea7e97ca,126,126.0
6cac3f3a-8c3d-4541-92c4-7f53bc912c42,380,380.0
6ad1c11d-2231-4865-b958-27e653a12549,495,495.0
e8ea4acf-1252-48da-a22c-ab1d4559e6fa,573,573.0
66ae380a-09a4-4530-8c9b-43d93eefc375,577,577.0
bfee3287-fffb-482e-b838-263c679d7ed0,144,144.0
e189158a-05e4-4bf5-832c-51edbd3ac07f,353,353.0
f433268d-77f5-4036-afc9-1fd1aaca5693,217,217.0
990dbeb1-b2fd-45a5-b291-971d49fbdf3c,337,337.0
9c6c71cc-22b0-4003-ae08-0b68b97b831e,353,353.0
e43828c0-8c2a-49e5-9b03-0d9173841b8a,459,459.0
1be325bf-9881-4add-926f-b0fd1ec53668,211,211.0
c5d9e074-f92e-438b-9bd0-a843050f9344,473,473.0
a5166e06-e6bb-4076-98a8-2c8df701365e,282,282.0
e1896e26-91b5-4f43-b452-6d77000cc4c4,328,328.0
abb0e6a1-849c-441c-806e-d0782f94687c,330,330.0
7084176a-b67c-4a29-b5f2-6c72ac5b5c94,103,103.0
f0cd3d59-f0a1-45d5-8f6a-cc59c43d752c,204,204.0
c7278c4f-350d-4492-83c4-5acc0b139f7b,278,278.0
dabe3042-f7b8-4e5f-9932-b0748ddaeb75,593,593.0
fd9db780-771f-4d93-a268-cab95932b57f,370,370.0
89dc55cb-31e2-47a6-aca2-df5cae7a3999,549,549.0
2a6f1acb-c66f-40d2-a207-d6948342f075,275,275.0
7adc9670-87c3-42a9-9151-c6f6d29b92a8,133,133.0
e01643cd-6c98-4fe3-8c11-35b657f6e475,193,193.0
dec7cbd8-0868-4366-b09a-ff8c56f15040,458,458.0
479841ac-4394-48f0-98ab-c3964fdd897f,167,167.0
a04d0799-53c2-46f2-b779-9625904c323f,456,456.0
35d3e7a5-be28-48fe-98e0-5ef241ad1350,144,144.0
108566cc-77c8-4594-8971-78cdd05c61c0,461,461.0
3c7a0f65-1486-455f-ad82-b1488d4f4e96,74,74.0
c24c1fac-0d9a-4da7-9abc-b054cd53bf74,284,284.0
607743fd-f058-4c0d-9bed-d437afcecac9,531,531.0
a12834b7-1a3e-457b-8b48-536b3565f3b8,315,315.0
21028bd3-2d3e-47f4-8d80-a2bed3951fad,392,392.0
bdf0bd01-b135-4656-8750-12a706f800bb,488,488.0
80edf9ba-78cf-432d-b75a-92dbcf252319,324,324.0
05451b84-25bf-4e49-9d8e-266a1d3a74e6,356,356.0
912a06ef-bdc0-40c8-9b90-17b8f67688ff,66,66.0
091cdf50-711f-4c79-ab77-64502f361bfd,395,395.0
305abf8d-55aa-49b5-ad62-f4a8dec11c6a,481,481.0
b2fba01f-20b4-46e0-ab5c-0658c50d2cb5,61,61.0
c282dea4-bed3-43f4-98b7-93f7c48b1df0,214,214.0
5011e447-f758-4d84-85ed-8315d0a93148,505,505.0
ef7203ac-e77f-4802-8c82-ec5ecdba25fd,74,74.0
56859828-eb19-47d8-8e63-dd1062d5ca40,526,526.0
ee496fb1-579e-4903-9606-de032f7e7968,459,459.0
003a4719-b131-4f9f-8981-2760ad08a33d,311,311.0
3958e168-37a0-4be0-81af-5ed4c8c9e797,548,548.0
2b59696b-4d61-457a-a374-998f2b4cc1ff,252,252.0
1f96de81-d31f-4e9a-9956-d9ed4b54b746,469,469.0
920ae1df-04f5-4bdc-80d0-35c162e879e3,578,578.0
99f822bb-df75-4a61-83ec-ffcbfb071fb6,458,458.0
ae604f86-e8f1-4a8a-8656-0d587751af92,207,207.0
19bbaab4-e2a1-4005-bfaf-1cc03ab7ddde,215,215.0
1eef5618-b6c0-4a09-a6cf-a3c258f0fb6c,413,413.0
732bfa94-4e0e-4a5c-8dce-99a021edb4be,533,533.0
46e2ce67-ebce-481b-816a-618a310a78be,37,37.0
998403fe-cccc-4a23-aa05-ddbd254ada0d,214,214.0
b374a04c-2910-4aaf-adf6-0c4bb02e91f0,329,329.0
c883c995-a485-46ac-b535-8d852c35ed01,381,381.0
788fc4c1-116a-4dfd-ac95-370f4a1580e7,334,334.0
3e08d954-ddee-4a2e-88d5-366a83f6996a,526,526.0
589c0667-7437-42ef-8697-6ae4c2ab01b8,519,519.0
267fbdf9-f842-4d92-96b6-3c5eecaf820b,551,551.0
597aa205-afe2-44a4-b9f3-11cc9a3e1a7d,514,514.0
6388a55e-3884-4568-b115-026a0a9bbde7,448,448.0
54beb92a-5eec-4423-a3fc-ec9c50107314,535,535.0
247c3df1-8b25-455b-a3e7-d0a58a748a69,436,436.0
b6c6a2a7-c8e3-4efd-a39a-7a18b325cb1f,472,472.0
eb92c7e0-9010-4a3f-aaa0-7bb91df56c83,309,309.0
0e993e68-a116-43fa-9f0f-6f348334e00c,438,438.0
05f30b85-102c-417c-a7cc-380f5512cc80,477,477.0
a84e837d-8007-4b38-926f-f82f231578ca,482,482.0
b699e7ab-f1d5-439d-9b1e-1a0ba8196264,591,591.0
e2936a27-201f-40c0-8b91-f4538860e24c,306,306.0
3de7e2d5-afad-461b-bc89-f4a0cf444aac,198,198.0
412cb5be-e3a6-488a-a70b-b0fba8d74058,479,479.0
97bb907b-aa4c-4a22-9225-5f711862bc44,510,510.0
17e13bc7-9a26-4818-bb54-a4eb608a82a0,350,350.0
455de82e-16e5-46ba-a8ce-6b4ce351f501,291,291.0
4dea659c-9662-45ff-89b9-7cc97eafb0a2,599,599.0
434089b6-73a8-402a-853f-8fae48529dee,334,334.0
c490c300-e5bb-4a9f-80f7-cffd3d7027d3,355,355.0
f3392ba3-66fe-4eb1-ba32-4dbd36665272,347,347.0
452c2e3e-d5f9-4b65-a364-91b9e430e87f,102,102.0
7af193a2-862f-486d-a68a-ed67230b929c,545,545.0
303bac8e-744e-4001-b3fe-8bb807e16851,79,79.0
dd828c7b-4305-43ad-b13b-68e41f75cf8f,127,127.0
3b9342c2-9cc1-467d-a7dc-8c8cbd489667,377,377.0
5aab2a82-06dc-487c-b94f-c8be65d0c40e,343,343.0
9b3fc342-69e7-47e8-a088-dff30957dc56,528,528.0
1a8183dd-f5da-496e-9c1b-81c4f538e074,65,65.0
1e49b3eb-5384-429c-b3aa-5e62ffae84bc,302,302.0
65068987-08c0-46b1-877e-38d4fca79024,313,313.0
a33223d5-bcf4-4eff-b444-761bfbe5793e,475,475.0
e435c485-f995-4c01-bc06-134e520ca28a,396,396.0
95306761-e3e4-49b1-8435-128b9c8bf08d,453,453.0
270c475b-c9a8-489f-80fc-2031a9a126bb,146,146.0
841b01a0-ab69-484d-93f4-093fcc99f617,411,411.0
87fcddbb-f1fc-4f0a-a79f-781d2025dbce,560,560.0
68a381be-c2ae-4c83-8295-98094e4ae48d,243,243.0
41b3d9c7-8c7f-4095-a6a0-11021055289f,166,166.0
ddeb5341-7ecd-42ff-bcef-08005c64508f,314,314.0
a33c6419-f558-4825-80e6-03675c3021fc,215,215.0
f1ed646c-99ea-4e17-8f52-d279f17a5633,463,463.0
dafe0640-fa9c-4da8-a4c8-0421610206a2,384,384.0
9147aed8-9631-4171-a240-b66a72a502d5,299,299.0
de87b9e6-760b-468d-91b7-fd3a7ec8dbbc,81,81.0
4d5677f3-57b5-4503-ad43-85686ebfb2c4,497,497.0
be6bc718-b0cb-49cf-ba54-0822e398c39e,542,542.0
cd1defbe-0941-4c43-ba26-712df83eea45,99,99.0
4f854902-e63b-41c3-97f7-3155b872fae3,528,528.0
9349f296-37db-495e-93b4-4791174a2ca5,521,521.0
7a980c58-bd7b-4e71-9ef9-2f3c9eecff83,367,367.0
08644228-f249-4120-9051-010ad70bd040,545,545.0
359de00b-79d1-4e20-be5f-9d38872a8052,87,87.0
90daa95c-f016-49c7-af50-3ca9e2735eab,472,472.0
966340da-bd58-4859-9f81-c1a116f7bf75,505,505.0
0e66002b-19af-471b-9f67-abddfa5c2f1b,297,297.0
33582ff7-29b8-4e51-b2c3-247512d7fc64,143,143.0
eb97b453-18cf-40f2-b6da-736a089d8193,574,574.0
012940fc-1ab9-4cf7-810c-849bfd46472f,380,380.0
78a9bd22-550d-4101-8a4d-5cb49f7a967f,188,188.0
801149c9-e48a-4247-9fd2-fcd978578067,496,496.0
66b3a881-c10a-42cb-955e-06798982099a,228,228.0
d9534b19-7add-4239-a22d-cc9250c70e8d,43,43.0
afccbf0c-547b-4514-9893-cbaa56e6dbc6,220,220.0
c01231e7-adad-4239-856d-b7885a77baed,254,254.0
4bb1442e-4c8e-4864-80e4-b118bfa992b7,93,93.0
f17b9044-dee5-4cf5-a0c4-ce340a878c8b,202,202.0
d1e2fa2c-0af6-4847-b011-a28129490ff7,361,361.0
db0bd088-9546-4662-bec3-239167d90502,368,368.0
57d8584f-b80a-4ccf-82e7-533ac38ba93b,576,576.0
6566311d-aad0-4409-b4ad-6c906164ceda,473,473.0
e88d5aee-b8ba-4d35-9cda-926715450577,434,434.0
a4a8c9ac-3ea5-4d28-99b7-9672ba48ccbe,99,99.0
b2b62439-f953-4250-bea0-f6b71bab9f45,191,191.0
b33be06e-8c2a-4024-8023-606895e255aa,239,239.0
d598cb06-29cd-46c0-8e3e-4d3a787203c4,112,112.0
20fca564-d701-49ff-b1c3-5f6df5d83eec,474,474.0
a941d158-dc86-490c-b026-71ae6a53d144,408,408.0
2e92957b-6ac3-40fb-8d9e-64ef3ae21f72,219,219.0
ddc5c3d6-e738-41b8-9734-7b7a2eb8112c,480,480.0
3e310cc5-4c4e-4ca8-8187-f6d8dcebecfe,248,248.0
2c4077f4-fb31-4d6a-8e40-291e4bd1ad99,255,255.0
70523be1-0214-490b-86d5-46b9bbf3f03d,427,427.0
570f8b27-0eb6-44f7-b2f4-ca61c257b4d0,83,83.0
f200398c-376f-420a-ab6c-846978817f45,511,511.0
ce85e814-d1a5-4462-9e4b-57b1820bee15,463,463.0
70cb219d-f946-4bc4-9c0a-30df1e45c16f,385,385.0
506c7577-1c1b-4232-8a77-175f127ecab9,481,481.0
c71d94ca-d68f-408f-b06c-87287a8ece13,183,183.0
ac18db7d-8b1d-4f9c-bb89-17335091c325,344,344.0
e85fe8e7-bdf2-4d36-aa3b-613a5926208d,176,176.0
62a79126-d1a5-487e-b90c-c93c95f7323a,216,216.0
4fcb5bbb-33d8-491d-989c-efdfbec64999,461,461.0
79600b30-c2b1-464b-a2a9-1d8a5426c677,336,336.0
76a31472-5eec-4835-ab83-a7f08de45595,168,168.0
dc975d03-c0c3-47df-92df-64f6650ea114,343,343.0
908212be-a311-4e03-99fb-5ca5f78feb60,243,243.0
45f5736c-8fa6-43a7-b54f-4a581864b30d,212,212.0
7d388062-e09d-42e8-a99c-5193d80a50a9,303,303.0
05133885-2e62-4c99-bcf7-bcb6a1d21a48,169,169.0
d43c02ab-3fdb-40c5-9983-1aaa700e83cc,408,408.0
2389f0fe-48ff-43c1-9857-b908c109d76c,466,466.0
54d2a18f-1bac-434e-bda9-ba54a6aaa582,361,361.0
8e78e3ed-dfa8-4fb5-978c-7d31c60b3b87,434,434.0
eb34b4d5-624b-4a56-9f0b-aede9cae53df,246,246.0
5a9f9ded-5c92-42fe-9ab4-0ae3aa96da9f,571,571.0
9ee06d78-1dd9-4266-b310-f9192e0fab09,127,127.0
54ae62f2-c2b1-446b-98f0-0fc2837ed26a,192,192.0
0d0e4b41-0d45-4818-bdfb-c9caf64beb89,86,86.0
8c25919d-bf19-47f5-a6b9-8557fe4ff97e,109,109.0
5ea97a34-c1fb-4aee-802a-26d372d543a6,222,222.0
8cffa150-4230-4fbb-816c-1a89554d3ab7,321,321.0
36fadf76-e094-4097-8eb8-420a6e8f733d,365,365.0
5c05ab84-6075-409f-b462-5288667995ec,227,227.0
80796049-2702-4d3c-acb5-98b274032a47,358,358.0
044d9300-bf4e-48fb-8ca4-59d2be4a3381,53,53.0
a57c9d12-3667-4cbd-a714-35b007fe1f60,228,228.0
88b0adf1-51fb-42c9-b0cd-9b6c6f2c4b92,465,465.0
1421fa98-14da-40f5-89cb-5db7a9f69f73,261,261.0
bf4dfea2-7f05-45b3-8fe4-8c2465750f1a,554,554.0
7b4d8885-787b-4e6b-8539-c1a18d33acb5,407,407.0
f1fd6e71-f286-4de5-b6e3-a1364bd69a54,251,251.0
07a016f2-f1d2-44c4-8711-5c6d9d81b2a5,433,433.0
4f372d95-1b16-4a39-8414-8e236014c68f,429,429.0
de4ac319-8678-45f3-8c62-8fccbf3006ba,228,228.0
4d12e038-c748-4d60-858d-142cf709839c,178,178.0
60bea898-16d3-48ae-b6c4-9e3c8fe39a9b,455,455.0
e5b2ac64-95eb-40ca-9fae-fda939e47969,91,91.0
2a9d7248-efb9-4c4e-aa72-355a4b9055c5,58,58.0
c1ea6341-285e-438d-bd14-199eef0e816d,96,96.0
518338a7-f943-495d-aa5e-35d0e49bc6fa,330,330.0
203b51f1-e844-499c-bc2e-48afa850d40d,424,424.0
ddd4ef49-c9af-4049-953c-ea1f48c1e18c,535,535.0
547cbb04-4f98-4952-94d7-6b44ca13e686,70,70.0
fded03a4-9473-4ad4-ab7f-6b65050f3109,558,558.0
291de644-475f-466f-9f1f-8d3a2bc0c7e0,330,330.0
fb432a8d-c4fe-4004-890b-6303fa3d29a1,69,69.0
0fcbea37-c514-4121-bead-5072792fcd4e,428,428.0
552f135f-3b7f-474c-8a12-af6ad8cbeb90,176,176.0
a11c3ff1-d412-4fa6-9aad-fd8a1ef007e5,200,200.0
ca31e371-9a18-471c-bfeb-b9959ee77b43,233,233.0
72233663-8fcc-4f89-9054-469f8649a16c,143,143.0
cbec9771-24bf-4ceb-aded-9842e4656a89,67,67.0
4d364be4-8ac1-48bd-98a0-b2a3a4738e5a,252,252.0
f6ef563b-8587-4c55-b4bd-4e39b8a1fab1,107,107.0
d610c88e-55e3-492b-82a5-f0f3a8cdbfc7,213,213.0
bb6ffc02-70f8-46bf-87f7-22e40614954b,334,334.0
76f7cd63-19b5-4419-9865-88208460a7ef,199,199.0
a439ce93-ffe3-4179-8cc4-470190b9563c,164,164.0
532dfd9c-260a-4000-bf83-b4dc2519f6d9,190,190.0
6cf843d1-396e-47e2-8823-fa4cb88d7a74,33,33.0
f9df06e4-d603-4bbe-ab07-4b91650178c4,310,310.0
69b5f808-b492-46f4-bcf0-35137545ee52,101,101.0
0038654e-e81b-4139-80d5-7e87dc799bd3,94,94.0
d4bd77ed-2ceb-49cc-a9fa-a465d17c02b1,585,585.0
c25bd503-586f-4909-af83-d90706a7d230,511,511.0
3a46b9d7-3f5b-41c1-81ac-2cb3512b5fa6,521,521.0
a168bbe2-838e-4396-8fe2-5c1661dcdc85,275,275.0
5c75eb07-07b7-4744-a837-79c963db2f78,176,176.0
f8f921be-9bf9-468d-b714-91e87c35431f,457,457.0
caa33abb-d464-450a-866e-090d911b28ad,382,382.0
d01b3090-f68f-4113-bbc8-a55322e94b6d,264,264.0
35d040e9-3151-4a2e-b99b-6567ae5394f4,101,101.0
3a5eef91-3327-4681-980f-7a2d10ff6e2d,572,572.0
425f760a-5f9d-4186-b1af-46a719100d06,197,197.0
36d4ad1b-6038-4715-b22d-e630d6847701,575,575.0
236187a7-cb9f-4507-b971-ab581fe2fa3b,594,594.0
febb0cf5-d6c9-4a27-bb1d-79d94ffbf9f1,88,88.0
a609d8b4-202b-469a-af95-4a91662932c4,61,61.0
14555480-dd62-43e7-bc11-7f219897eb6b,356,356.0
f8222606-876f-41af-b858-274db042b786,341,341.0
c426572b-9c46-4d12-8fb7-68617435b4b0,264,264.0
0f0262cd-87a7-4181-8f32-0fe0920dd498,189,189.0
41ac4e87-e11e-481f-8177-400c2030d1d0,269,269.0
b0381d43-5207-4188-b5bd-bbad13e12ac4,221,221.0
35f652a1-8a16-4862-bdbf-e993ab98aea0,463,463.0
d6fe64b2-d140-4301-8837-08695fa74480,416,416.0
d5c45def-5087-410d-a50d-8d6c55c5e3e5,562,562.0
fe74005d-5567-4a56-ac57-c4ca767d0e6e,96,96.0
7acf60af-a453-48ec-9845-d00e0dfdeba5,596,596.0
6c9d9d45-e937-4e01-8070-20c9c524ed48,534,534.0
b1bd41dc-14fc-4836-9e95-b5f506997017,354,354.0
ae9dd31d-1d18-41c8-aac1-01453bf01968,282,282.0
02b4d5f2-06de-4bcc-bfdc-fb0341f4bad6,337,337.0
5efaf2d7-05cf-45e9-92b6-906e5228ba7f,268,268.0
47cedfd8-77bf-4dba-aac4-54e8dddf2755,120,120.0
b6078643-5ab2-4f7e-9acb-ad4aa55f11b1,576,576.0
c7c9c68b-4953-49d4-84b0-821e1f4740ec,270,270.0
d5784a74-5bff-41a1-b579-214f45b3c364,186,186.0
256ee58d-5027-4f67-bd29-385b9b6721b3,117,117.0
501c0cd3-ccfb-4810-ac7f-67f7c1284031,547,547.0
819c8877-16af-445e-8a59-952f9d961d28,45,45.0
66f55746-c5e9-4b42-9a2b-ab84886704bc,495,495.0
51679b0e-d50b-49fc-891f-372da6b1199e,60,60.0
d28925cb-cb38-47fe-aaf8-97c1e868bf1d,262,262.0
3a013cf6-c801-48dc-a9c3-36e64402b314,319,319.0
17384106-6904-4689-8c5f-64a6796a501d,115,115.0
78fad86d-ace8-45cf-9483-9dbfaef33a20,471,471.0
91640bd7-5281-42d0-83b8-b80da1f2f092,80,80.0
e0291328-7247-4ca9-81c0-283d66aeb0a5,69,69.0
e3f73844-d317-47e4-bf2a-084f45d05197,341,341.0
bdd64d9f-2ec8-4a49-8492-035f9517b185,135,135.0
53258f75-6d77-413a-bc1a-2fc2f3634454,512,512.0
a65ac4ca-2141-40dc-bcb8-a22bb937082d,381,381.0
8d1a2616-afee-4db7-8da0-457482d0c4b4,91,91.0
fd349ff5-1f1e-4712-a0bd-09b9ded7b561,329,329.0
789ecb6f-8fd7-4f06-8a1e-1b87ade0f6b9,469,469.0
32ce2856-94ec-4db2-8633-10091ff9f1b9,428,428.0
94fd33c7-a502-4ad6-9677-4bbf57d90b63,300,300.0
55e8cc52-9abe-470f-b6f3-2bbcf75409ad,458,458.0
3252896a-d29c-4648-bc57-94dd9333bba4,96,96.0
289402af-5e12-4ab5-a941-493ab8946ac7,220,220.0
4d903b48-4352-4711-9858-c8dcb8343571,176,176.0
5b20d780-7cdd-499e-b9f7-4d9d863e88c6,195,195.0
a7689c7c-98db-4e2a-9968-6784dadb3d90,148,148.0
c3e7f6d6-fee4-4175-afa2-1ef1e58a8524,543,543.0
a91960c5-0a56-413e-9455-2973a1b967d9,548,548.0
a0fa74c1-3f5b-428d-bb5d-dbea7548378d,143,143.0
bcb48f5f-79fa-4a9b-8a80-62470fe3f35c,409,409.0
378259ae-bc95-4bff-8dc7-3a4df191451b,581,581.0
5422521d-add6-4ff3-a2b7-0b9cfe501392,460,460.0
3a617b5d-6d36-4758-a974-24d4a05f48d4,327,327.0
de1d5185-7fbc-4276-a611-9a570e6b9daf,280,280.0
8c24d397-963b-4c39-97cd-9fa33e6adbc4,124,124.0
daa660ab-866c-4d02-b377-3cd26b1c491a,518,518.0
4169580b-3387-4aa1-83f7-c53f0052bc8f,122,122.0
738b253b-1f04-4ded-b120-4cb271908a7c,300,300.0
6106e3bb-b02b-4615-9817-779341b63de4,581,581.0
719c29f3-d6e3-4745-9b8d-01df7b2f41ce,323,323.0
e69f34ef-6078-4482-8268-ae4145ca1b5e,389,389.0
29cadcde-a5e7-43b2-ade0-fedd17158204,117,117.0
20cf8edf-a74e-4914-b0ea-c21d4fb594fe,379,379.0
cf8d277d-7e0f-4c9b-8a9e-784cec3e4810,211,211.0
77627609-476e-4f53-9033-5a7472b855e0,398,398.0
47bdb9c9-33d6-486f-8c86-70767c48465c,309,309.0
4a21bb65-ddc2-43a1-974b-90d04c3abef9,125,125.0
b1acb8bc-e848-48f5-9ce5-8c678bc765f5,98,98.0
d72b7c5d-868e-463c-a317-6f37cd845cd3,553,553.0
a3627fc3-6b29-4a5f-ac38-c9774623d418,240,240.0
fe4f18c7-9209-442d-9f8b-9907dd5505e6,212,212.0
e012556c-c78e-46fd-9db9-4f30857c055c,250,250.0
7e300137-a919-400c-a3a0-8505369b98a9,44,44.0
6a8feab2-28eb-4ef4-b1d9-1ff48170095a,320,320.0
1c37a8fc-0960-4cae-a1fc-d478ec4ea9d1,99,99.0
7a7b8ea4-160b-4713-b553-5c149bb65f88,45,45.0
c07b0d23-bc69-4085-97dc-66624521028a,329,329.0
1a44246b-876d-485c-bfbf-15edf7c0c777,551,551.0
e98a06cf-45aa-44c4-95bb-a81ddb910194,306,306.0
7d48b56f-d3c9-4159-a261-324cc0b883f2,131,131.0
4b984740-4825-493e-bfd1-a6d427f5b467,92,92.0
df470f64-63d8-4d5f-9fe8-ad1889f29628,124,124.0
9f69f929-d243-4bf6-aa72-4be4074ed88b,69,69.0
ea93eac6-fa5a-443f-b946-e3673320c833,216,216.0
2bd50aaa-e7b6-49f6-bb70-10e2c88e958c,347,347.0
9141eb2e-1cf0-4262-a70f-49735ef43bbb,197,197.0
0e066acb-5568-456a-8235-7814fcb14c3a,266,266.0
21808b3e-2135-4e15-88d2-f66d38c8c971,260,260.0
d9ff2c96-d384-4d52-bbda-12b9a014fbda,488,488.0
b75488cb-61b4-400b-9cd0-f29f25ba63ef,80,80.0
f5369394-410e-496d-9681-69999bbaf404,32,32.0
52273935-f7ec-484f-9071-6c49b8aec5de,525,525.0
c465181b-2ea7-4858-afda-fa91bcb3bcb5,293,293.0
9054f3f3-1a07-4103-9205-ca1abd0d43e0,362,362.0
2083b450-6ed0-4813-90cb-a1a926d5de4b,316,316.0
d3e18da5-6248-49c2-a845-6824c7dab0c9,69,69.0
07d025cc-8fe0-47a5-928b-77225819366c,395,395.0
937a1379-3fa7-48db-a856-5c0dd9ba2ad1,84,84.0
38f0598c-05e2-4358-b528-489acfb63ba4,584,584.0
d6f8e46d-ed6a-49b2-b945-d50eecb9f42e,299,299.0
6895a0d2-1b1d-44a4-a63c-c8fe442f9857,301,301.0
ec7aa8fc-bebc-4ffe-9dca-3edf139fd388,329,329.0
f78647f9-2f5f-4d15-928c-dc0fa5569777,498,498.0
ed97adef-892d-496d-a40d-2b284f3eaeb9,152,152.0
30254958-ec32-4e4c-ae8e-3ef0c367baa1,492,492.0
a0684fd7-57bd-4986-8a35-9d04fe618811,386,386.0
91ea06e8-3208-4dea-89e6-7e6077a29fca,509,509.0
ccf9b271-f936-4a85-b4f9-420139d49b27,213,213.0
5c82409d-41c4-41a7-8319-7357ba4720e6,41,41.0
155f0555-f0e3-4553-9c28-c282bef5568b,233,233.0
77bae895-70b7-4408-9469-1eddd5b37f7d,142,142.0
572d835a-905f-4d4e-b649-25f05f755588,160,160.0
14fa7ac7-b142-4731-8273-f198d92c810b,172,172.0
9bf91f3c-f0ca-499d-b2b5-17cffa142c91,462,462.0
82c27ee6-a61c-4b35-9e38-940d47e13285,456,456.0
8a8197b6-57d0-4737-89a4-9b2d9ea04f2a,323,323.0
8845fc08-65b0-46b1-b66e-847ebf6c5c2f,114,114.0
89f40c16-0a42-4377-8c20-ef1cf7b6b3a3,247,247.0
d52196cc-b6ac-4341-8419-e33bb691cece,261,261.0
82d13dc0-0382-4652-b297-a119c4834829,56,56.0
fe28e59d-9919-4b32-b5f0-6d3496751915,218,218.0
d191f772-56c5-42eb-a20b-f64407afe92e,381,381.0
c59d053e-8f12-4525-8de0-a35a12cb34dd,74,74.0
291649db-46a6-4adf-9fe4-a3a7e61e321f,54,54.0
66546e0c-6bb1-45b7-8f58-1f7d5e069de6,338,338.0
ab3f02de-6ef0-4478-9b51-e6b5e280e3e1,191,191.0
7feb5d8c-0cd8-4c48-9cbb-366d798807e2,244,244.0
e634f979-cd57-4e27-928a-a80fdc274c18,387,387.0
9fbb1620-74f5-402c-ae6c-029c6b534d84,353,353.0
f4984fab-02c5-40cf-ad81-6bd5d3a11b26,447,447.0
63451e93-9308-4ae2-97e4-baa1e6b28954,188,188.0
d3999a4e-02ae-4644-a526-0ae1b56cffba,450,450.0
1248c01e-98a9-4955-a88f-9cbbb81862bc,138,138.0
10b8bc9e-ebbe-4edc-921e-005179f59101,246,246.0
262bc77e-cdac-4a36-a24a-5ec40f2a42b4,334,334.0
063791e7-7a13-4224-82bd-63e6cd5f8ac5,535,535.0
76d4380e-b140-4cec-ba94-065bcda3c7e1,215,215.0
2d29eb82-d80a-4bd0-a95c-57fa5cb88bd0,197,197.0
cd477851-9247-476d-a82d-0cad597c0c55,394,394.0
a67f9a3c-13d9-4f86-9a7c-8dc9f47d6483,492,492.0
341180ed-5305-4aa2-a7d9-d112cc78214e,225,225.0
0ce48221-f944-429d-abab-891336acdfb0,90,90.0
34fd2176-bd8e-4b43-b797-bece4d1c77ee,388,388.0
fe0b9577-504b-4746-acc5-45d939210232,65,65.0
442b6441-4d9e-4080-ad7a-5857bb38e02e,426,426.0
0258d3d1-a715-4e04-81b3-0e7c3aab2ee2,321,321.0
52bf6f9f-618b-4993-a819-318727a4683e,598,598.0
ca02420b-cfb7-4e19-a171-b43f1a5501b9,124,124.0
7f31346d-cc85-44b6-82e5-f0093c7fa56b,309,309.0
9a620853-ae10-453b-a7ae-df041be6a980,261,261.0
a3c16105-c779-4f78-bcc0-84e094ba9de9,90,90.0
55d3d8be-38c9-43a2-b087-8dd7516794dd,363,363.0
ea8c7958-4d7f-468c-ab76-c58eb053c749,264,264.0
09933330-9e60-4d76-b2d7-6c651f8dd618,132,132.0
7d2b4333-495b-4f94-ac9a-c8c21c7896fa,256,256.0
27f6a754-6b20-4e18-9965-fb9dd2706290,470,470.0
1210a704-498c-4b43-9cea-bfd5c9ea4c65,42,42.0
df108e63-e5f9-49c9-9826-f3751fc5f5f0,598,598.0
be1d7f89-3313-4c11-9835-839245374208,494,494.0
cd40ecb1-94ea-4b8b-aa37-2a0d9713606e,78,78.0
fea4dd63-0c8b-4b92-b5d1-85d126c2a78c,445,445.0
ecb1d422-b5f0-48bf-99c9-8b07b3a0dd4a,252,252.0
0de6133e-1b34-4795-aca8-e025d7dc3bbd,366,366.0
a552fe6e-7b2b-4fd9-b405-e3561605b37c,130,130.0
3747934b-91a4-4da3-ab8b-cfd4d3bccf7c,463,463.0
f39db608-0459-4ca4-80de-4d270ec817db,288,288.0
66eb2331-8e7e-4075-8584-75580a890c27,379,379.0
0cef58c3-83c8-411e-8f2a-1714c5b8bf77,373,373.0
1ef5f4ef-bfaf-4839-915a-bdb1f8adbdde,591,591.0
cf97311a-39a7-4ed4-8813-df6cf497b21b,545,545.0
c8afe4e9-744d-49e0-91be-427267a74ec6,544,544.0
2e9987da-2a09-4c74-a073-fdf0a9db22c0,210,210.0
362bcd16-872a-4f57-b039-6520d2116cda,267,267.0
1a85e2cc-999d-4452-bbce-753ea5717275,114,114.0
88ee7f95-9c8f-4431-8b4f-ab45e95359dc,447,447.0
7118aa3b-858e-4642-ae26-02e9d28bb785,312,312.0
0ab9fad7-4dcc-4585-b8fb-8849c5871e98,78,78.0
6ecbf905-02d1-43fd-92ad-1fbf7a3300b8,215,215.0
0d1a4d2c-2f86-4e86-b739-79c35b12f39e,165,165.0
66851e2c-d235-408a-934c-5963f3970e34,194,194.0
adb4e9a9-1f7d-4b9f-97c0-7d018434b445,214,214.0
9535f922-e548-4e5a-a986-1ddd6a037392,290,290.0
fd2efca6-2308-4a95-9bf5-a6db58d0db7a,326,326.0
0c068842-b9c9-4d68-b9c4-4e5956fd6d18,229,229.0
ce79b447-699f-40d7-9fdd-71c20a58d3be,209,209.0
949cf6db-e642-4db8-aadd-ba06ec06014c,452,452.0
ac30edf7-5b39-41d2-be76-b58b07b55add,514,514.0
17edeef5-8d0b-4ca4-a17d-ac95374367f1,358,358.0
24738e19-7c66-4728-991f-db173e2d8018,271,271.0
2f2deded-1c58-4d75-af4b-300183c482d4,270,270.0
79bdae4f-c1b0-4d0d-a424-a19327459635,174,174.0
4051facd-206b-4a72-a2c1-fcaa209fa55e,261,261.0
83408120-1de5-49e0-8b93-18a4885eee67,596,596.0
cdfb364e-7013-4882-bbc0-3d3289212c31,451,451.0
c1351dda-a619-49f2-8c3e-f6eb3dba20ab,326,326.0
1ccf0966-726d-45fe-826f-a7195f31c908,528,528.0
6d231657-19c7-4e41-b251-90042c14fd07,188,188.0
51581e78-bb28-4df9-876d-3f66cfef10c2,258,258.0
f1b356a5-2fd9-481f-9ea0-6f13d4fc0e51,568,568.0
d7a3cbf2-4cfd-4417-b6cf-1d7bd76eda99,69,69.0
0b0feddb-7bcd-4c4d-8788-9013fa5ee6f5,553,553.0
4ee66f6b-e428-4109-b16f-ddaa5e384fed,533,533.0
c86b8b14-b27b-4ecc-af38-5135fea83774,35,35.0
8eac99bd-8722-4a68-aed0-5685567d5025,288,288.0
d3fcb2a8-6f57-411f-806e-59867260ed5d,105,105.0
84a410da-6d39-4f98-883a-96dfe7b7fad7,274,274.0
96fb2264-352d-4970-83ac-43bd1d38aee7,235,235.0
dcb2d56f-caf9-4df3-8d65-1ab10ab78d7f,95,95.0
ed7d41ba-743c-4ec4-a2a2-9c63e285c094,197,197.0
0036e17e-52e5-4e57-80b0-5dbf2a9be091,330,330.0
1d210afa-4927-47b5-ab5a-001db801bab3,384,384.0
0c1079cd-3133-4e49-8f06-775b245fbd28,439,439.0
ab97b336-75f5-47b9-b21c-174d53a96954,318,318.0
339b0ce8-be98-4a0f-9be5-7a25eb5ad4bd,295,295.0
b4607359-4f7c-4255-b5ab-8e81a2c3093d,541,541.0
e0049081-5af3-4c20-92b7-fd56dac83189,457,457.0
538f2610-9dfb-4899-adb4-3d707d4d1b1f,306,306.0
92b7f08a-c1d8-489c-b755-c470c9800f53,71,71.0
9db9efa6-7dcb-4310-a6cf-8d6b088fb7ad,102,102.0
776763f5-63c7-42de-bac5-cfd8c6b59d2d,526,526.0
282c54ba-bc6b-4809-98a4-d32110148774,376,376.0
4eef1107-7101-4e7c-aafa-2beae6894d0b,372,372.0
596bba31-c9ef-4fe1-aed3-6c23ea4b285a,329,329.0
7bb6a4bb-b789-4fe7-8106-f333b424eb93,486,486.0
d3ca6f1b-f32b-4055-bafc-594bb7b1d9f9,136,136.0
8823cd3e-fa25-462a-9577-f33216b00ec4,247,247.0
e405085c-3890-4f01-ad71-b386c5dc0473,461,461.0
78c313f2-27d5-434c-be05-3af2cf771cd5,490,490.0
02d6a3d5-4d22-432a-a2ee-fdf423528bc5,450,450.0
19395a0f-0a3f-4e5e-8581-aa8850b534b2,369,369.0
68e79ae0-577a-40e7-abeb-0b0062011343,561,561.0
e042c6c1-10dd-454c-9f9f-225e3f2b802d,551,551.0
0396a877-6b0d-487c-930c-dc0f56f622d3,268,268.0
1468c070-db5f-41aa-af0b-b91f1cbf9d08,208,208.0
c8fe76d1-1d44-4376-be0f-a9b12389ae19,300,300.0
42ba378c-705d-4c13-b90c-1d9f61a7dd3c,512,512.0
26732edc-6e5e-47d0-afd5-c1a6554ddc34,533,533.0
e3643401-85b9-42d2-8c56-58cc9335c16d,234,234.0
44ef7ac8-37cd-44ad-ac3d-5be68b1bc7b9,41,41.0
109d526c-324a-414c-8412-805f17e8b699,286,286.0
394713e1-c563-4a33-ab4f-b9abdfcc3cf6,40,40.0
a1c6b93b-5259-4928-acfc-77c8e0445b81,318,318.0
7e80b8e1-74e5-4032-bc84-a5f0a93ee092,177,177.0
9fafa7a1-e505-41bd-b24b-4a01ea05df66,70,70.0
c4ed9ede-543d-47aa-b54a-464c15aefe15,133,133.0
b815ff29-4e6d-4fc0-a813-05e3ee46bce0,491,491.0
3d0b102f-8399-48bb-aab2-91b01b2348e5,542,542.0
d93299e0-5a21-44e9-bfeb-ce064822807c,120,120.0
bd87ec5c-0cd2-42fe-b0e5-b9cc2d8acd87,59,59.0
fa67a606-e72a-4a6c-b951-fb86f06f1d47,397,397.0
e5560717-da20-4626-939c-56470f7a2b46,151,151.0
d55cce65-d1a2-4e04-8dfc-c652492bc7c2,455,455.0
cf975926-156a-43c7-b94a-8693de840e59,200,200.0
66260080-6bd2-40a8-b10e-7f7ae819bfaa,135,135.0
d67c6062-d6a7-445f-ace8-99e17649cc45,273,273.0
5cbc0b53-07bb-435e-b8a9-f55cee44da9d,216,216.0
1429c69c-821b-48a8-a814-3351493644f5,51,51.0
32966ac4-31ee-46df-9bbf-e2c4ce0fc77f,258,258.0
0de44273-e955-4b56-8139-df226b8f808d,199,199.0
b13a4db1-9e78-49cd-bc3b-26f71560e382,543,543.0
394a8430-a32b-4c58-8694-54b65d101acb,385,385.0
72b59912-7fa2-4815-a654-4bbea1f2309b,433,433.0
a26fd632-2498-433b-8a90-0d24f3c078f6,250,250.0
d37b049d-ec26-4d4a-9e0d-1cbfa020077f,239,239.0
d34b1b4e-b054-4431-bbf9-7f5288a76dca,563,563.0
75d497ed-f71f-4fc3-9084-e10c7c052614,475,475.0
1db0f7c8-b8a4-4d3f-bff2-813d84d26ce7,38,38.0
6e5f36e3-4814-428f-b4d3-1933283c932f,205,205.0
e5c9d3cd-5f21-49dc-95eb-3c47a21c9b46,361,361.0
73cc8e58-8bf2-414c-b045-0b5da7b0f396,592,592.0
2c2e565c-c7ee-46b7-8396-e8559524b99e,585,585.0
325b21ad-c339-48d9-a271-0647ab0ffa4d,186,186.0
5421d979-acab-4abb-9838-246425be51b1,62,62.0
5917d5f6-b3b1-4970-af80-f5ec559ca0ec,366,366.0
2ff604d3-1586-4bd2-b2dc-11a4bb3e567c,469,469.0
19d34345-9997-4027-b693-585a9135b612,519,519.0
f9eeea76-9d4e-4a20-98b4-24adcaa0ab86,443,443.0
b301569e-2308-48a1-9df1-5bc7f76bc2c4,249,249.0
a299f4a3-9cf1-431f-a793-0346fffe4b9c,549,549.0
b0f18d44-48f4-4db2-b97a-0dee232ad06e,408,408.0
6376333c-6a89-4b48-9d11-c78f7b3c3105,215,215.0
ee966762-c608-4e94-aaf4-948efa428599,507,507.0
15cac36b-877d-4da8-ac29-66cec3f4937b,209,209.0
3018f742-be2e-4a97-b1a5-27e7eb8ba4f0,336,336.0
c784ae51-5b73-4fda-8aab-e13db70a5836,232,232.0
b39cbb7f-88e2-4d48-b871-1cba4874de84,72,72.0
2637ebc9-4c61-4ffe-a68a-d91f0588608f,331,331.0
3c3f14d8-6147-4e3a-819e-5b7d8ca28ece,529,529.0
0b140fed-0f9a-4dc7-b463-134fccf1b8c3,271,271.0
b7f6300d-91a0-4179-9104-6e1c9f314145,483,483.0
d00b5ca4-af1a-4dce-8c7a-5612cce75111,496,496.0
52f27de1-7281-4917-bc6a-e7ecc012fd24,292,292.0
99173af1-1fa3-4a61-9a86-4be28fec7ea5,541,541.0
fe06b68c-a2e9-438d-815e-f8574c6549ec,130,130.0
54d00658-319c-4dde-b104-7c7bf06399ca,32,32.0
0c30fa5d-6cb5-4110-bcd9-30fc3136ab63,503,503.0
f2315fa3-a5ef-4fdf-8c51-46e1ed6e9c2d,243,243.0
c6d49c6a-9496-4bb2-89b1-21505cf8a885,361,361.0
68b5a452-14f6-4fc4-bc82-8c72572962b3,219,219.0
fdba280d-9b1e-4065-a9ab-0e1f38b1cf48,392,392.0
8c0fce85-df96-4968-9d78-f5d9abbc080f,44,44.0
10c47690-1cfa-4f23-a3f4-87db2150d704,358,358.0
5adcb923-3d2a-46d2-aa9f-85885955689d,139,139.0
eafb7ca6-c305-4f09-9447-405e4c1d851a,307,307.0
ce4bdb51-48c3-47ee-a74f-604363260484,428,428.0
4893496d-19de-4d68-a720-0352860e4de7,367,367.0
9c8ae076-201d-4809-bed6-d074424e41a0,513,513.0
2aac9271-89d2-486f-9405-6258a14f53dc,384,384.0
53faddc0-ffd0-4200-9c82-1b48965efe9d,238,238.0
ca14842e-8eb8-4972-bf10-bbb41cbf2c6d,343,343.0
fe1254df-63a3-410b-8ef8-d918fcbde5ac,167,167.0
ecec4267-ec37-4505-b82c-64de3bf1ae7d,556,556.0
ac8f4606-68ba-4335-8d2f-529974b2af79,490,490.0
71414429-ed8f-4404-9226-04fa4ce765a5,472,472.0
f60c9fb2-3e8d-4245-b739-c3e27df96662,439,439.0
ac77d44d-1b29-4392-b98e-7f10b019a846,558,558.0
7f8369d4-2995-45c3-b0e1-837d899d0eed,97,97.0
1d74326e-b367-4ee4-a6f5-d2ca39c5da7f,200,200.0
5475e2e0-5035-41be-a38e-c3505cc8cee0,51,51.0
136cf997-a3bf-49d9-87a4-54f459ef42f2,266,266.0
32b37bfd-7acc-4444-b109-dede4ef7ed4b,168,168.0
095a3a67-6fb7-4873-8093-e54f2aa11003,141,141.0
ffcb425b-c281-4969-9627-6335fce420c8,562,562.0
138d7bb5-bd86-42c2-ab77-1e9adba8c0e2,154,154.0
ec026f83-896d-41d9-985b-c5a98f8f0225,545,545.0
18a87934-1a7e-4f49-95f4-eaa17114cbcf,555,555.0
fc48b38e-9e65-4ab0-9d81-b8afbb768bae,212,212.0
8f263ed2-31b5-4d40-aef9-c76ea4deadd5,436,436.0
adfa4e47-ccd6-4222-a0af-96bce66b2116,256,256.0
77adc181-0d38-4842-b1cd-b7f2c8c47e5d,509,509.0
8cd6e8e3-1fbc-4ec8-855b-ee73b10b43a9,197,197.0
9312fbbc-15e5-48db-84ec-127700f7f7de,157,157.0
3ce7e580-6ab5-40d0-8752-03a8294ebf75,406,406.0
3d84736c-a5aa-4fc7-9e8c-3f0d06d9af3e,346,346.0
04965e01-40a4-4607-b20d-8803da749608,494,494.0
c760bff3-4341-4247-bbff-c3cbde8a00fb,593,593.0
35fc0b4e-ccaa-4cd6-9a52-41b64919bc43,394,394.0
c819cee3-3508-4812-a7ee-3154c5419940,149,149.0
f7cb3e90-087d-46d1-9259-30722a5552e4,337,337.0
490930ce-50d0-4fa9-8671-dda2b638d0da,159,159.0
f212b674-2ed5-45be-8704-a63351e31643,539,539.0
21ab4352-b4de-4d72-80fa-371bcfa81480,338,338.0
6ecc651c-7082-4923-a841-b45b7c5c6ee6,143,143.0
26b8ee02-2e9e-436b-bf04-176e02b4137d,232,232.0
89878928-f2c0-43a2-8b57-7ffce8a3e62d,233,233.0
9b7ce206-ecba-4df6-ac85-c526942642cd,399,399.0
6ae6b0d9-8c23-47e4-956f-758f228d2a4c,264,264.0
1e3ec88c-7e21-45b3-ad44-42f1e170fe79,165,165.0
3fbd9f33-523c-452a-b15f-5a40698839d2,148,148.0
ab068c32-71d5-433d-bbef-ab0219d71d0d,477,477.0
676fa308-5168-4203-83c0-9d9e72078380,485,485.0
18ffbcb4-f783-41d1-ac2f-2323c4f348f6,553,553.0
b723b67a-47fb-4e51-bdc6-7350f1a95ab3,357,357.0
efb447b2-0c2f-4005-a354-583324a28777,199,199.0
a1b7fbec-9ef4-4823-a7f8-fe20530a9d37,148,148.0
68a8637e-7959-4886-88d7-ebe5b5312175,85,85.0
1fd75c00-3918-44f6-a290-314b5944d833,503,503.0
d689d37e-d964-48aa-8c26-2b0fef1a9c47,591,591.0
caf68012-8a73-412d-bfd6-55b203869ed9,54,54.0
95de087c-2efe-48d3-941f-a08365e88368,245,245.0
26b8a78c-aa7e-4073-b7e4-3526761d6880,223,223.0
86c93ff3-9e70-422d-90ec-b6fd8339ae72,80,80.0
0fe860a2-db69-4a14-8c01-84344e1ab19b,365,365.0
32b4dc77-1f0d-4709-ba8f-a54a397fa803,588,588.0
2bfa36a9-cb28-4fb5-b509-2e8e596e1f49,490,490.0
701697fe-d127-44af-ac4c-b84dfd2e7206,229,229.0
5fec9255-eccc-4baa-bafe-2dc277d37f3a,298,298.0
5d862efd-234b-49ee-9a39-9e9064179c6f,585,585.0
98357714-b315-4d6c-b3fa-db81280b7c10,54,54.0
d18ac5f0-f1d7-4d1b-ab83-8ff09344699a,376,376.0
994d49d3-a1d1-45ba-a302-da1844188fc8,545,545.0
64e76881-c2f6-4d90-b192-ab67bd7a4d12,132,132.0
98d85a92-d360-4f86-af03-3c5a2f7b5cd6,305,305.0
1f42c8e4-739b-445e-affd-a094de064768,144,144.0
af94944d-62b9-4d70-990b-90626aebf6de,270,270.0
6a384224-6382-45e5-8e57-d9619a2b4e29,461,461.0
0989901a-1d61-4866-b1ae-e7bd090fb33b,598,598.0
fd620114-15c7-4d03-9d3e-d8d227dd72d4,152,152.0
c7e0f66f-e6be-46f0-bb88-d0cec9036bcd,359,359.0
a84d51d6-4ccc-4eee-8491-18c9c859185b,151,151.0
ffb0f86f-f38f-44e5-acfa-456130f15cfc,500,500.0
75d93e80-c2de-47e2-9fbf-026e7d735bcf,289,289.0
ce1e2a2f-a457-4088-b99f-30c9c3ab24f6,490,490.0
813fdd84-24ac-4992-b7d4-53e0947e920b,533,533.0
4ecfdb5e-dd39-462c-bf0d-7e90434e0c2a,101,101.0
8a8ce347-5aab-474c-bc4b-3de6c9c19c90,400,400.0
e820ce44-61fa-43ce-912a-1be745fc6c61,32,32.0
8f87a4cb-41d6-4bba-ba73-28abc94fcf84,290,290.0
27854295-e11b-4fcf-87ef-2eafafa7e60b,67,67.0
6f048da2-f95e-40e0-9763-6e94c43a10a1,216,216.0
a9f3645d-8c07-4ffd-a3dc-44405254a594,512,512.0
c62404fe-c55b-4a19-9331-b7c8053ae7e9,67,67.0
5d238c65-b6e5-4989-b648-c27c4d07c74f,292,292.0
bc47faec-d1fd-4e2b-995b-ac1e8df5e884,525,525.0
8f078be0-bde7-486c-a23d-3dd2e1a40eac,124,124.0
7c5c23e4-3b90-4ae7-9e23-170cab0bcf00,224,224.0
eb63b108-db50-4bb6-a24d-9994aaec5f10,358,358.0
76f296f1-f1cc-4ec2-9b34-08f250a96d09,127,127.0
48ca2df1-0a60-4238-9516-dbc55230cf30,337,337.0
e7232d02-46c4-43a6-806a-1ece64037098,66,66.0
afa1b625-0c3a-4efe-a3e4-e0b1a1a75710,410,410.0
06fd7910-1b71-4aac-a8bb-b197cab79671,416,416.0
4022ff34-1ac5-4f40-a433-f133a4725ca6,462,462.0
aadf3739-d192-498c-ae15-48bb50de2485,342,342.0
b735cb95-bc48-4aa5-9c57-347e13e14920,469,469.0
ffbb3471-b9b3-46ac-af8e-191e73c23d70,293,293.0
e7f3e2cc-f3be-453a-b12e-dc68a1d85985,173,173.0
f487cd67-baab-4571-b258-ba1b9b8408ba,590,590.0
d569988a-6531-439f-b0ec-efdf866d9681,116,116.0
4714bf27-aeef-4c3e-a5f9-f4475f24017d,295,295.0
f0c66752-18b1-4ae1-b34f-d8590bbbb3fe,102,102.0
f8c5c6e4-1717-4478-8ca4-e907f5799aed,94,94.0
26f5b89b-870f-41cc-bb67-a85d8c9539fd,109,109.0
03fa1716-0bb5-4ab2-9c2f-29f2bd0e70f7,545,545.0
ae11fe1b-5bbb-47ef-8439-80376a3c6626,94,94.0
fc6d136c-7a6b-4013-be33-1e07fe0b20f2,546,546.0
9a20c914-6e31-44f5-8cdc-5ed79fc486e5,522,522.0
f14d1e78-2308-4133-b223-1c8d38634a65,246,246.0
d8f35d6d-5701-4537-a2cc-c5d7f96dfa54,333,333.0
f5501617-24ba-4f2b-a8df-c5768c8f2a5c,337,337.0
d2948d90-a8c4-45ce-aaf6-1fa9f932cd49,173,173.0
9fe62ce9-af39-4412-9af2-d5aa47d35c02,85,85.0
760197e0-136e-4072-8763-361ff587f45f,304,304.0
9bbe2327-823d-42d4-be47-a9b9beaab566,458,458.0
b52b77cc-fe0e-45c8-804a-370c432b4872,535,535.0
b2ea4dae-1220-449a-9e73-a84e70bc4c11,318,318.0
bc6873ef-b92d-4771-b82e-fda85f8627f1,117,117.0
b7251046-6f19-4218-acc1-f9fd2680fb2e,447,447.0
fbdef645-b117-43ad-afac-27baf1d377d9,530,530.0
d335a5e7-bc7e-4354-bcc3-6b1c15a94764,395,395.0
cb493b0b-fcf5-47f2-bb86-d3cd3bf561cc,43,43.0
61ad27ab-4186-4399-8940-8c8f7304a266,470,470.0
84aedc79-23d1-4a4f-947e-d4a4ddd65911,588,588.0
8a1bfc3a-495b-4240-bd0f-0d7105971e9c,324,324.0
e8e33ca5-8d85-44de-b876-38fe873aff85,141,141.0
2cb053d5-af9c-4410-a88e-d8b06bec4802,371,371.0
2f62bbef-53ed-4bf7-aa09-03c24506e37f,30,30.0
b4084bb9-aa71-4e42-81c3-276c4ba3cd02,182,182.0
1ed0f8fb-f5ed-4e85-bc86-e3f77eaec5f0,568,568.0
ef2fda85-7f88-41bc-a53f-c3a2ce13bb4d,162,162.0
69173e1d-eef7-4bd0-aae3-877b869a07e0,492,492.0
492b6dc5-ed06-471d-96e1-17b36d2acb78,561,561.0
460581d4-2da8-4e2a-b22f-566c0e4e0c07,374,374.0
8c5022ba-ce76-4ef2-b675-598c39d17dd1,257,257.0
af034be4-4a00-4788-9cc7-f64660c28bc0,205,205.0
bdaa2685-a5aa-45d0-8836-4afb0369dd80,137,137.0
a29e15a3-5e97-46a2-951a-f4bf45eebf18,526,526.0
7143eb76-0ce0-48a4-a9d0-165c039b2711,366,366.0
881bf393-21c4-459b-89a6-319dccd13470,161,161.0
58a0f710-66a1-4d7e-8870-3098a35efc04,316,316.0
e568693b-25b7-4c2a-a416-d9514108a978,86,86.0
9ac46041-e5bb-4147-aebd-73609263fb26,490,490.0
fd5ba2ba-a6e6-4075-9a0e-69c5a6fa51e8,413,413.0
adacfbbd-ebfa-4352-aacf-474a51b5615a,86,86.0
160e0065-9471-4899-9d48-b7c58af126c8,532,532.0
295a19d2-6342-488a-9316-b2b2d7b02f68,491,491.0
b36edc14-23bf-4fef-982f-469020c37382,146,146.0
03dc20ae-d64a-45c6-bb12-c207d4b58b66,398,398.0
c4e71b55-9851-465a-b50b-8aaf3727d989,120,120.0
7bba2dc6-39dc-463b-8d11-db0aaa10c5ac,502,502.0
f2a22f29-251d-4c96-99fb-2f49855e1e37,425,425.0
b3a44986-7a52-4704-9a4d-49eb2aee2ced,381,381.0
a6a0c70f-fc9f-4127-abdc-f411f55411dc,497,497.0
0b425e83-adde-417f-b68a-740fcb144c10,106,106.0
b6e0eced-8080-426e-b72f-016f123457bf,541,541.0
6454034f-1c44-41f7-abc0-cd1137efc173,315,315.0
90556c0e-9101-4130-9f58-dda87823c48d,346,346.0
8aad705a-67b8-4340-b3d6-47b43f429808,179,179.0
a80a9919-50b4-4344-8217-9db4f4f14f70,137,137.0
dde106d7-1991-4e58-9e85-a7dab9f6d0b5,136,136.0
cb2ba98a-fb7c-4eff-929a-54e4605d3d0a,145,145.0
ffbc1174-09e3-4c30-928f-0d2a99839eaa,562,562.0
b36f5174-a023-42a6-bacd-e7e27f172d28,132,132.0
72c50b66-8287-4dfc-8a6f-ef191447e16f,539,539.0
8981f32e-1bc9-47bb-9942-af836d170f94,165,165.0
52f8c906-9a33-48dd-b836-6a70af45c1e5,252,252.0
c39e9f55-366d-4c97-aadb-c7b7bed0c2d8,373,373.0
230d7864-a178-4aa4-9f8f-ddda37bdba03,288,288.0
2ac787b6-8d31-4faf-bcd1-476dff133f5f,344,344.0
ffc6ca8d-3d66-4cef-bd98-8644c855d2f4,543,543.0
3c5f3907-ed56-4d34-8077-6a059e645048,126,126.0
9a077416-ea5e-4072-a2a7-a783e4047beb,293,293.0
d91df951-59af-4fd2-8e7d-30067408587a,497,497.0
baabd027-36c1-4edc-944b-e6a000d8a87a,179,179.0
5d71764b-0aa7-43c4-a734-f65ca7f40b31,139,139.0
af71d378-40b5-4de3-85af-9ed08b4a9e94,66,66.0
1713e62c-e851-4993-a99f-fbaeadcd17b4,394,394.0
068b0308-8fe3-4ede-b04f-1db9c0549ddf,478,478.0
af85c345-57e5-4518-919a-5b725226b160,375,375.0
a6c753c9-54af-4831-8ca8-eb424ad0c345,515,515.0
dd4cceb1-4023-463e-a36a-e85427ab1286,494,494.0
224c6bf5-8a71-474b-a680-4d6cb6de1956,484,484.0
34388006-9a11-45d3-8440-f73dd7bc9fd8,359,359.0
83dc1b98-06f1-4c00-ab52-eb91ff23374e,298,298.0
a536ee5e-afaf-4087-b68e-c88481dcbf45,200,200.0
408950bd-636f-4ad8-ae94-d28525863947,596,596.0
ee6e7526-99fc-4786-b1a8-05acc447d60e,31,31.0
11ff7906-b56d-4689-b6f1-0800e4e201c9,106,106.0
932407d5-1683-43a9-8a69-a4ed47dba35c,118,118.0
d70a0d22-8b13-478f-bf31-47b57ace017a,269,269.0
8c9ec693-490b-43cf-8506-755354980208,227,227.0
13dbed9b-a3ac-43a2-b57a-61d8425c4b5b,95,95.0
32ff345e-bcdb-4a8a-8c95-3fe60d6b0f59,597,597.0
7497b91a-6d3e-4c55-b3f3-9511d9e59e0e,136,136.0
e54838ed-9bff-4588-84ad-7f477413b776,549,549.0
8ab8c1d6-17bc-4df7-9f8c-8771bab003cb,194,194.0
285f6ccc-d3f4-4a3d-87f6-b05d84af3769,553,553.0
f1b968a3-21d6-4bda-8121-ef485c7b9778,241,241.0
391d01d1-f83d-4954-a39a-9f8d9316de55,461,461.0
28e6f7d4-7b5e-4a5a-98d3-33f7c489a1f9,497,497.0
145b27e8-1f20-4114-a713-0ef7522f1c9d,583,583.0
ccf97d43-c4dc-44ac-a1f0-e329030801e7,127,127.0
39d2d76c-0da6-44e7-95cf-2f0e98f3e1c1,561,561.0
14b1f263-3fac-4917-a411-a5dbfdf18363,366,366.0
eeeec8d7-d203-4f06-b7ad-18be04e1b739,68,68.0
792f5823-4b8a-4e51-9990-03abeac6bcf0,162,162.0
afadbffc-1d55-4098-a809-a83a4eb4e48e,564,564.0
7175c434-6d82-4d39-95ec-4f00bd479f2f,355,355.0
954c3181-c9f1-405d-b4cd-817c81674125,219,219.0
aef121c0-480f-4f3a-9511-af6e3945a19d,289,289.0
5f204dfc-c876-4c3c-939b-b6bf5049f7fe,297,297.0
f7e5b515-624b-46fd-8ba7-61c89b13a964,485,485.0
f55e3f45-06ca-4178-803b-1f678ee333c7,364,364.0
0c811f4d-18fc-4410-92d5-50b7bf428ba2,447,447.0
ee721d0c-fa75-474b-a54a-c4fcb30c84aa,183,183.0
7975ea36-e63b-4f37-852d-f080dd8e1bee,282,282.0
05b02d79-5c49-449f-b2e3-330eab906972,295,295.0
b58133fe-4325-4919-8497-29043878babf,104,104.0
07ab58e6-67f1-482f-9644-6fd5bdf77cbc,361,361.0
df5454ca-77bd-4adb-ad4a-c0a730e7b5b0,176,176.0
ea35dbb2-478d-4cd4-a8c5-26144182a40e,441,441.0
7e9affcd-00b2-41ae-8bab-fe0802974be4,105,105.0
4e71f230-117f-458d-8547-ee90d6332522,119,119.0
7cea14f7-c0dd-4e9f-9093-7f7e0f8d0c93,379,379.0
cf24eb5b-cada-4089-b02f-14f18d6151ec,338,338.0
db14ef72-57e1-4fb7-a2c2-bea31d2c2cf4,168,168.0
341b8257-d9e1-48cb-a2a1-43212fd0c05c,346,346.0
fec06341-4573-4cea-b024-33fcff4c0ecb,412,412.0
8729b711-075f-4dbb-a2e6-de307fc68e2f,373,373.0
ebf0670b-8ab5-4f49-86bc-6143f1acb256,253,253.0
0d6fa6b7-bef4-4e09-807d-c32b4bba15de,109,109.0
b5886e74-5766-4730-8640-f0b0ac39c692,458,458.0
809d143f-ec56-423a-a93d-b65642d2636c,462,462.0
2df8b448-1567-4058-bdd0-084bf4c1d9f7,562,562.0
10d4fff3-89fc-438a-905e-2c88a33ae720,168,168.0
73028148-71d4-44c9-8184-e65ed7cec98b,541,541.0
b6e55ae4-bb54-48be-a02f-2e7764997d9d,506,506.0
62100404-f449-4088-a5ae-5bf1acab71b5,458,458.0
bc6841bb-bac0-4d51-a890-f898c4eef2e9,156,156.0
df4899a0-c433-411f-8b3f-e407dc38a406,157,157.0
e6f2602c-cd3c-4976-9f2a-2f02b46d5531,422,422.0
5b6132d6-839c-415b-9a59-8ace80bcebce,182,182.0
0e8f6e10-38f6-4da7-85b9-5a95395363d0,175,175.0
a9f3defb-a847-4857-9f93-7f752d46fe75,178,178.0
d64b52f7-902a-4b9a-9128-d35b61980042,392,392.0
1a46bec6-9bc1-46d9-8f1c-7f49114ac2ef,31,31.0
ae467a5e-de41-4576-aeb2-beb9b8b3065c,70,70.0
73b6982c-1796-4d40-a011-c564dc26d77e,459,459.0
2ac29149-5c6d-42fa-be19-ecabb0998c78,293,293.0
c63e5bd3-5ed8-4176-bb6d-33eff84ac0db,540,540.0
322ca7b5-2c61-41c8-93f7-e1af0a1e9583,543,543.0
12dab9ca-52d9-4b79-9261-a4202c172046,363,363.0
b2f4c561-0f8a-434d-820a-7d1e410eeee4,143,143.0
753ef815-5331-42c9-94c2-f8a038adcccd,457,457.0
84baa48c-8e5e-4085-ab74-ecf9672e356e,393,393.0
7b67a468-efb0-4c5a-a904-2cf41a138d80,197,197.0
0cf6fb25-3a51-4841-b2b7-fd101f6c1fc1,77,77.0
26d6b366-46c3-45b0-94c8-87fe0cc19df4,87,87.0
f2fd114f-7398-4033-b3a6-70222eb83e3b,356,356.0
62d6185a-fd24-4cdd-b47c-179f16352c83,405,405.0
5532beba-38ad-4fa0-94cf-fcf1ecbfe8f9,321,321.0
b4bb6180-bd2a-4a79-ab24-0b213d69468f,433,433.0
c5ac9781-f470-4f10-bfc3-c49aab5cd17c,431,431.0
2c7c99b6-6d74-460b-9abe-9e7aadcac18f,438,438.0
c760b537-75d7-415e-8fa8-3e5104061769,494,494.0
48d1760e-05db-4876-9171-5a8db942c06f,417,417.0
15759cca-3a7e-43d0-ab2a-be2f5a5f543b,281,281.0
cfbdad5f-28b0-40e3-af71-25c9831284b6,525,525.0
f3675d84-9e32-4d9d-827d-8d9f1942457c,464,464.0
1686b00e-6544-4842-9753-545326810dc8,111,111.0
5ac310a5-f5a3-4cb7-b2d7-2aba6c2ecf9a,203,203.0
86e6a34b-16a8-40cb-9ebd-90637ecc4c1d,43,43.0
45574a80-e19d-4a7d-8fae-272191a2373b,420,420.0
3567aed8-be40-4763-a698-9cb6def70a7e,432,432.0
b25c3d5e-a9f4-4f5f-b249-a816f1e07962,371,371.0
a61ecc53-65b5-4a52-89bf-153f82af57f4,129,129.0
80ce177e-9597-4061-9eec-8b4fb2e28b50,384,384.0
68da3742-2eb1-4a76-8aaa-aa05abf57028,189,189.0
89e6ab9a-d632-4f1d-9a60-cff7c75ebc5e,485,485.0
bf7f1fde-a4f0-4334-8c92-f18385b95a6a,359,359.0
5e205af8-4f8d-492d-8956-a58a5b2ca270,145,145.0
2e41d440-fd74-41da-883a-d26340e5f28c,432,432.0
b243e4be-5a0d-4ca9-b234-59ca30e00914,267,267.0
cc3c8638-da7c-4644-8619-b365ad75b1ae,296,296.0
a0dc5bf9-3be2-4c80-887e-0abdc6b8e566,404,404.0
5626a995-d50f-4fa6-a880-b6a48e0c4fa8,154,154.0
50737a61-ac6e-4b48-a694-5a2be075d8ea,594,594.0
9e152a4c-1f15-4bde-ba20-f3f206071461,483,483.0
fdc02709-c565-4519-b4c2-afe0634e6da7,370,370.0
55ecd6e3-bb79-453d-8bed-666b02283392,557,557.0
9f98bb34-8777-4b8d-a6cd-2df462a6d3d3,457,457.0
14189829-87a8-468d-aa16-a7bc7bfd5588,212,212.0
67b5fa11-0430-4698-a14b-19764e51aa85,66,66.0
3429123e-4e6a-4477-83b8-0b92d68a9d50,594,594.0
a7e9f616-43d0-422d-821b-a6f104734b97,427,427.0
af0e07e4-069d-4ba2-a0d5-d197fb5fa7d8,187,187.0
330356f1-0e7f-42ae-9594-27fd27fee631,448,448.0
76231b6e-35cb-4d82-b4ad-262ff3257b38,592,592.0
3ca2974f-da48-4a4a-ade5-d03f255701fe,349,349.0
4d03aee1-d383-4d88-a549-1d8c67d1a497,452,452.0
744d82b2-239c-4021-95d9-f4cd479a930a,418,418.0
c507ccba-4043-4077-8ffd-eadc3b222c6b,521,521.0
fbfa33c7-a0e0-4c82-b8a4-e61cdff83b20,148,148.0
b214bccf-38c0-4003-a79c-e9f6a51a4dc9,560,560.0
1206bec5-fdce-4232-ad54-087ef4f5b9a6,495,495.0
9c968555-d989-4524-ba66-466c0f6ab595,40,40.0
f586db9b-60b3-4215-8b02-337d17b6673d,504,504.0
d4a193c4-2d66-478d-a0ea-c097af28fbad,334,334.0
15eec40a-d736-4e9b-bd5f-936a3576ad09,53,53.0
8720b8de-f2f7-4f3e-a617-6006810563b0,60,60.0
8ce72cd1-8073-4bcf-a497-b2817732ae78,293,293.0
bb8b1135-1c01-4e00-9d37-ade7d728d9f1,361,361.0
5cb91cef-137a-40ed-9da2-d0fa94a20fda,333,333.0
4c532245-7eb2-488f-88ac-2b591e4a7fd6,534,534.0
a48b322d-1cf9-4835-ac91-e0af9b80e008,325,325.0
a5f8b2fc-717b-484a-bac6-06e18c77c0fc,477,477.0
2f85b3b5-265c-4304-b321-0a33e90fe049,435,435.0
4c355510-1230-4526-b4f5-1c82d6441cd5,139,139.0
3a1f35e4-2d3f-4ca1-8faa-6109db4925bc,474,474.0
6a5f83d9-c4ec-4baa-b2f6-935281fa0086,143,143.0
85b7b739-de51-4bfe-b5cd-dd82f80e588c,228,228.0
e13d6c83-8d78-4a46-8903-17048775b459,476,476.0
fe5d9780-32ad-43da-bb3d-a184b19d79af,138,138.0
447179bf-b687-4e3c-9566-8384b8f2105b,448,448.0
487739e4-f8a1-4f74-8b92-f73027dc019a,267,267.0
